Unnamed: 0,ticker,green_days,red_days,from_pm_high_to_open,gap,market_cap,number_of_red_candles_one_hour_before_open,percent_of_red_candles_one_hour_before_open,pm_float_rotation,pm_dollar_volume,sigma_percent,pred,returns,date,cumulative_returns,win,Running_Max,Drawdown
1542,KLAC,0,0,-0.0056901384879293,-0.0196361536240253,65210688502.4,1.0,1.0,1.6127628916069966e-05,1047085.9,,0.5842426,1.0043972228066482,2023-07-05,0.0043972228066482,1,0.0043972228066482,0.0
116,TSM,0,0,-0.0183930300096804,-0.016965584100824,525900985958.4,14.0,0.4117647058823529,4.388821951493305e-06,17210419.2,,0.5651201,1.01,2023-07-05,0.0144411950347147,1,0.0144411950347147,0.0
1612,GM,1,0,-0.0114300228600456,-0.0126839167935058,54103467909.12,12.0,0.3428571428571428,5.6474667255508864e-05,3015794.04,,0.66717935,0.9980729701952724,2023-07-06,0.0124863366167393,0,0.0144411950347147,-0.1565598043668523
462,CRM,1,0,-0.0100773377079915,-0.0122532971658404,205708800000.0,3.0,0.3,1.0733518411730052e-05,2139244.8,,0.6091838,0.99,2023-07-06,0.0023614732505718,0,0.0144411950347147,-5.115332888575974
2095,IDXX,1,0,,-0.016143443122284,40167526334.0,,,,,,0.60896116,0.99,2023-07-06,-0.0076621414819337,0,0.0144411950347147,2.884746590592851
1129,PDD,1,0,-0.0203739882779792,-0.0228285077951002,93267014630.4,13.0,0.3421052631578947,0.0001176329754657,5633690.4,,0.6897824,0.99,2023-07-06,-0.0175855200671144,0,0.0144411950347147,1.8211980640663736
324,ADBE,1,0,-0.0113491246138001,-0.0149201658252267,218779442000.0,6.0,0.5,2.3083962763019805e-05,5035095.100000001,,0.6646815,0.99,2023-07-06,-0.0274096648664433,0,0.0144411950347147,1.5268650713199552
140,GOOGL,1,0,-0.0148437499999999,-0.0160574948665297,1522989690002.885,24.0,0.4705882352941176,3.185271539004804e-05,41508368.525,,0.579686,0.9927793313577362,2023-07-06,-0.034432417401111,0,0.0144411950347147,1.4194069462647945
2210,AEP,1,0,-0.0044439246871712,-0.0078088578088578,43824158511.04,1.0,0.25,2.380875475666608e-06,104284.25,,0.6006702,0.9951838364853756,2023-07-06,-0.039082748763328,0,0.0144411950347147,1.3695030542034223
347,AMZN,1,0,-0.0146742470805162,-0.0163368614818223,1315896316416.0,31.0,0.543859649122807,9.87223915096554e-05,113761597.5,,0.7968788,0.9999610136452242,2023-07-06,-0.0391202114241949,0,0.0144411950347147,1.3691492072505311
2187,MNST,1,0,-0.0040859457555477,-0.0074074074074073,59189357984.768005,2.0,0.1538461538461538,5.190914974018494e-06,221046.132,,0.5095711,1.0025111409775764,2023-07-06,-0.0367073068125772,1,0.0144411950347147,1.3934147255327014
1566,FCX,0,1,-0.0151748971193416,-0.0227156712608473,54880673487.36,9.0,0.5,0.000568297468406,30951415.18,,0.5195952,0.99,2023-07-06,-0.0463402337444515,0,0.0144411950347147,1.3116340567972178
899,F,1,0,-0.0084967320261438,-0.0117263843648208,59616886400.0,11.0,0.2972972972972973,0.00011752864569,6990396.68,,0.6716779,0.99,2023-07-06,-0.055876831407007,0,0.0144411950347147,1.2584469210418363
1934,ADSK,1,0,-0.0020458060975001,-0.0188864361049791,42745200000.0,0.0,0.0,1.755786777853806e-05,749000.0,,0.7517561,0.99,2023-07-06,-0.0653180630929369,0,0.0144411950347147,1.2210903745594428
1773,AAL,1,0,-0.0104338275672708,-0.0163755458515284,11764590827.52,11.0,0.282051282051282,0.0003866205247238,4494512.36,,0.66506094,0.99,2023-07-06,-0.0746648824620076,0,0.0144411950347147,1.1934134838029509
1290,NEE,1,0,-0.0063266589088185,-0.0088058705803868,150319874177.28,0.0,0.0,7.344267993902045e-07,110172.07,,0.5151977,0.99,2023-07-06,-0.0839182336373876,0,0.0144411950347147,1.1720864990690276
715,HD,1,0,-0.0079534432589719,-0.0127413127413128,308490789381.12,5.0,0.4545454545454545,8.789246947796782e-05,27078936.84,,0.6648973,0.9938404380132968,2023-07-06,-0.0895608960621865,0,0.0144411950347147,1.1612444232881225
1842,JD,1,0,-0.0247159090909092,-0.0247159090909092,53777943901.44,17.0,0.3863636363636363,0.0001799004763002,7319087.34,,0.68219686,0.9921351587532772,2023-07-06,-0.096721355079466,0,0.0144411950347147,1.1493072033869862
2,TSLA,1,0,-0.0155409232512037,-0.0155409232512037,881406228303.3599,36.0,0.5454545454545454,0.0014512391160668,1095144004.28,,0.58556986,0.99,2023-07-06,-0.1057541415286713,0,0.0144411950347147,1.136554415987572
2049,PAYX,1,0,-0.007558915073366,-0.0113394755492558,40236931814.4,1.0,0.5,8.304929356008178e-06,298195.2,,0.6397133,0.9993727598566308,2023-07-06,-0.1063150484291461,0,0.0144411950347147,1.1358339693965254
2233,SPOT,1,0,-0.0033894049711272,-0.0121321470789522,30710910040.0,4.0,0.6666666666666666,2.6828527629929827e-05,601299.86,,0.661431,0.99,2023-07-06,-0.1152518979448546,0,0.0144411950347147,1.1253011472455274
2026,TEAM,1,0,-0.0106470588235294,-0.0264528826117156,43226005648.1,0.0,0.0,3.302316393189263e-06,83422.24,,0.64916897,0.99,2023-07-06,-0.1240993789654061,0,0.0144411950347147,1.1163679879392496
48,XPEV,1,0,-0.0253333333333333,-0.0121621621621622,13709979459.66,26.0,0.4126984126984127,0.0008638353645845,6276000.5,,0.60798156,0.99,2023-07-06,-0.1328583851757521,0,0.0144411950347147,1.1086961505336017
807,CCL,1,0,-0.0187597707139136,-0.0197813638729829,24593298344.79,27.0,0.4285714285714285,0.0014582088422014,27675260.69,,0.5433634,0.99,2023-07-06,-0.1415298013239946,0,0.0144411950347147,1.1020364255416109
1957,DXCM,1,0,,-0.011165768720231,49090223040.0,,,,,,0.5989361,0.9983417561591916,2023-07-06,-0.1429533542434667,0,0.0144411950347147,1.1010203301009618
1474,BMY,1,0,-0.0053125,-0.0165302023791133,133740114055.68,2.0,0.25,1.040313059816129e-05,1381931.28,,0.6404196,0.9957587181903864,2023-07-06,-0.1465883305921042,0,0.0144411950347147,1.0985153113920012
255,NFLX,1,0,-0.0117689336088401,-0.0132316662928907,195598036480.0,11.0,0.4782608695652174,0.0001219555192403,23460800.0,,0.67983985,0.99,2023-07-06,-0.1551224472861831,0,0.0144411950347147,1.0930954564433373
1152,SQ,1,0,-0.0192139737991267,-0.023053501522401,40757892412.62,19.0,0.38,0.000402088248925,14665526.52,,0.7107707,0.99,2023-07-06,-0.1635712228133213,0,0.0144411950347147,1.0882868929285687
1083,MELI,1,0,-0.0071544715447154,-0.0209722934838377,61313521120.0,1.0,0.3333333333333333,3.442622950819672e-05,1949035.2,,0.6735347,0.99,2023-07-06,-0.1719355105851882,0,0.0144411950347147,1.0839919280523471
1106,DHR,1,0,-0.0008507018290088,-0.0104473839413598,173438884800.0,0.0,0.0,4.585738703593693e-07,70470.0,,0.52791023,0.99,2023-07-06,-0.1802161554793363,0,0.0144411950347147,1.080132632927965
1451,AZN,1,0,-0.0107671601615073,-0.0135699373695197,205047794649.6,7.0,0.2916666666666667,1.156744444366376e-06,1424275.65,,0.59155005,0.9912320483749054,2023-07-06,-0.1874039805711276,0,0.0144411950347147,1.0770591691313287
2394,EXC,1,0,-0.0036354823073194,-0.0089199614271937,40886732576.64,2.0,0.2222222222222222,5.217744420629938e-06,212990.91,,0.55770767,0.99,2023-07-06,-0.1955299407654163,0,0.0144411950347147,1.0738566941624574
2325,LUV,1,0,-0.0120643431635387,-0.0099408919935517,21928440934.4,2.0,0.1538461538461538,2.8484667691367253e-05,622580.75,,0.5852928,0.9974219810040706,2023-07-06,-0.1976038798597794,0,0.0144411950347147,1.0730815358734975
1428,NXPI,0,1,-0.0113423414537923,-0.0156625914469484,51684144960.0,0.0,0.0,1.3677495128028815e-05,705489.12,,0.5015109,1.01,2023-07-06,-0.1895799186583772,1,0.0144411950347147,1.0761747084654982
2050,PAYX,2,0,-0.0068601583113456,-0.0070348223707351,40712852513.28,0.0,0.0,1.8369061562128863e-06,66735.72,,0.5629818,1.0030109812256465,2023-07-07,-0.1871397590085707,1,0.0144411950347147,1.0771679685344329
1590,CHTR,1,0,-0.0010556517973148,-0.0073163515076525,55569706702.4,0.0,0.0,1.4719031404088908e-06,53512.25,,0.5139906,1.01,2023-07-07,-0.1790111565986564,1,0.0144411950347147,1.0806720391572686
2419,BIDU,1,0,-0.0073503477659739,-0.0135987662974905,49195288714.24,3.0,0.2142857142857142,4.4099271835744784e-05,1733388.96,,0.6559512,1.01,2023-07-10,-0.1708012681646429,1,0.0144411950347147,1.0845496944483706
349,AMZN,1,0,-0.0082219148609189,-0.0054707967329327,1324309844520.96,28.0,0.4307692307692308,0.0001322247665556,153341871.64,,0.6299865,0.99,2023-07-10,-0.1790932554829964,0,0.0144411950347147,1.080635057952173
2028,TEAM,1,0,,-0.0077899085275892,43210585228.7,,,,,,0.56106883,0.99,2023-07-10,-0.1873023229281665,0,0.0144411950347147,1.0771009927103423
50,XPEV,1,0,-0.008595988538682,-0.0225988700564971,12978530487.12,19.0,0.3015873015873015,0.0007110284174175,4890211.76,,0.6414002,0.99,2023-07-10,-0.1954292996988849,0,0.0144411950347147,1.073894728461728
1844,JD,1,0,-0.0061936936936938,-0.0128635346756152,55297448870.4,13.0,0.2954545454545454,8.930977969596163e-05,3736152.0,,0.6757985,1.01,2023-07-10,-0.1873835926958738,1,0.0144411950347147,1.07706755339115
1085,MELI,1,0,-0.0310524244676664,-0.0396768993430517,55632029104.0,5.0,0.3125,0.0002006255392579,10305880.04,,0.7086245,0.99,2023-07-10,-0.195509756768915,0,0.0144411950347147,1.0738643189648265
1568,FCX,1,0,-0.0093264248704663,-0.0103519668737059,54809008988.16,5.0,0.2272727272727272,1.848786593629156e-05,1005597.28,,0.67744327,1.01,2023-07-10,-0.1874648543366042,1,0.0144411950347147,1.0770341464047697
1591,CHTR,2,0,-0.0003743315508021,0.0051621229230521,56293972490.880005,1.0,1.0,2.2515042520185656e-05,829221.48,,0.537438,1.01,2023-07-10,-0.1793395028799702,1,0.0144411950347147,1.0805243396062052
1775,AAL,1,0,-0.0102647217720151,-0.0016348773841962,11960449720.32,10.0,0.3225806451612903,0.0002493816936172,2947358.24,,0.511001,1.01,2023-07-10,-0.1711328979087699,1,0.0144411950347147,1.0843858498931822
1177,MRVL,1,0,-0.0109206989247312,-0.0047337278106509,50628200000.0,5.0,0.25,3.244861171498136e-05,1631758.66,,0.520646,1.01,2023-07-10,-0.1628442268878576,1,0.0144411950347147,1.0886810377665992
2074,MRO,1,0,-0.017265283589763,-0.0085034013605441,14402524533.76,2.0,0.125,9.007228804089268e-05,1288336.72,,0.6174191,1.01,2023-07-10,-0.1544726691567362,1,0.0144411950347147,1.0934870557591123
1776,AAL,2,0,-0.0037413148049171,0.003769520732364,12169365872.64,9.0,0.2368421052631578,0.0001806909738912,2172827.52,,0.51350707,0.99,2023-07-11,-0.1629279424651688,0,0.0144411950347147,1.08863547170739
1914,BIIB,1,0,-0.0106356665842196,-0.0056111939768448,40527760000.0,1.0,0.1666666666666666,3.385438425911869e-05,1368640.0,,0.56632817,0.99,2023-07-11,-0.1712986630405171,0,0.0144411950347147,1.084304189994168
258,NFLX,1,0,-0.0066352642782734,-0.0069276221955581,194997906140.8,6.0,0.2307692307692307,5.345046003614042e-05,10250811.85,,0.5289371,0.99,2023-07-11,-0.1795856764101119,0,0.0144411950347147,1.0804139579692091
557,BA,1,0,-0.0050700934579439,-0.0018517650368009,128088383103.36,6.0,0.6,2.937263121135649e-05,3491167.255,,0.5144729,0.996500951083766,2023-07-11,-0.182456346259932,0,0.0144411950347147,1.0791487680792504
1133,PDD,3,0,-0.0021387515038096,0.0508164414414414,99179239916.8,11.0,0.2291666666666666,0.0004638420137602,23622544.6,,0.5227757,0.99,2023-07-12,-0.1906317827973327,0,0.0144411950347147,1.075754393222392
351,AMZN,1,0,-0.0021441151696148,0.0118807268209349,1337032740679.68,19.0,0.3333333333333333,0.0001448862919494,169639773.27,,0.5021734,0.9981966080884044,2023-07-12,-0.1920913908937385,0,0.0144411950347147,1.0751787728097786
2169,CTAS,3,0,-0.022754491017964,-0.0069972619409795,49807987200.0,0.0,0.0,7.225829425912842e-06,354470.4,,0.6052672,1.01,2023-07-13,-0.1840123048026758,1,0.0144411950347147,1.0784795073905555
1042,ABBV,0,1,-0.0079850746268656,-0.0151874351755814,234527076080.64,1.0,0.1111111111111111,1.6668661482479994e-05,3902957.73,,0.55308074,1.004137515985857,2023-07-13,-0.1806361426695343,1,0.0144411950347147,1.079946320937191
53,XPEV,2,0,-0.0006653359946772,-0.0085808580858086,14085081496.86,17.0,0.2833333333333333,0.0005415997706141,4042527.86,,0.6578456,0.99,2023-07-13,-0.188829781242839,0,0.0144411950347147,1.0764773169765158
376,META,4,0,-0.0101904761904761,-0.005168948023356,799033601354.13,26.0,0.5,0.0002340564984549,160328653.8,,0.57954526,1.0026299753038903,2023-07-14,-0.1866964236002564,1,0.0144411950347147,1.0773512141059296
1595,CHTR,6,0,-0.005927557898602,-0.0120171002554611,57069433782.08,0.0,0.0,4.070573512441139e-06,151983.01,,0.69853866,0.99,2023-07-14,-0.1948294593642539,0,0.0144411950347147,1.0741222353223052
997,CMCSA,5,0,-0.0138758231420508,-0.0148026315789474,174402802058.24,5.0,0.2777777777777778,7.559032479364438e-06,1294504.89,,0.6560523,0.9988075363701407,2023-07-14,-0.1957895959497961,0,0.0144411950347147,1.0737587457834976
1227,ADI,2,0,-0.0137167699380372,-0.0045140465022444,98967374592.0,0.0,0.0,7.228781900148959e-06,712523.75,,0.5516056,0.99,2023-07-14,-0.2038316999902982,0,0.0144411950347147,1.0708486218551978
1848,JD,5,0,-0.0033739942901635,-0.024390243902439,60153598771.2,22.0,0.3928571428571428,0.0003676299032431,16729881.6,,0.7074843,0.99,2023-07-14,-0.2117933829903953,0,0.0144411950347147,1.0681852984772884
8,TSLA,3,0,-0.0064203730272597,-0.0032025908600215,877983168407.0399,38.0,0.5757575757575758,0.0006172504955278,463984824.75,,0.57206136,1.01,2023-07-14,-0.2039113168202992,1,0.0144411950347147,1.0708209591301954
2078,MRO,5,0,-0.0115079365079364,-0.0087544767210504,15384514842.88,4.0,0.3076923076923077,6.562465456203112e-05,1002652.41,,0.6362402,0.99,2023-07-14,-0.2118722036520962,0,0.0144411950347147,1.068159932193974
1135,PDD,5,0,-0.0111399925733383,-0.0128506116396886,106141051265.28,21.0,0.3684210526315789,0.0002175327637562,11856155.34,,0.7337482,0.99,2023-07-14,-0.2197534816155752,0,0.0144411950347147,1.065715432258668
146,GOOGL,3,0,-0.016548463356974,0.0020876826722337,1586619753014.4,25.0,0.4464285714285714,4.504930654544008e-05,61157990.4,,0.5166575,0.99,2023-07-14,-0.2275559467994196,0,0.0144411950347147,1.0634621737547647
169,TXN,2,0,-0.006129261752312,-0.0082459589340322,164839045845.76,1.0,0.1111111111111111,8.25790137599971e-06,1359350.85,,0.5770527,0.9995044325752988,2023-07-14,-0.2279387449095899,0,0.0144411950347147,1.0633555959977
1181,MRVL,5,0,-0.0133088572739789,-0.0133088572739789,55470000000.0,16.0,0.3555555555555555,0.0001880867540875,10362957.0,,0.7452277,0.9968217054263568,2023-07-14,-0.230392583007164,0,0.0144411950347147,1.0626808157025858
2423,BIDU,5,0,-0.0122119361827851,-0.0122119361827851,52596867446.4,2.0,0.1052631578947368,6.048882098853254e-05,2542003.2,,0.7104756,0.99,2023-07-14,-0.2380886571770923,0,0.0144411950347147,1.0606546956328675
2378,EBAY,1,0,-0.0056131260794472,-0.0094623655913978,24629985851.52,1.0,1.0,1.7080206827841152e-05,417211.48,,0.773535,1.01,2023-07-17,-0.2304695437488633,1,0.0144411950347147,1.062659884685028
1136,PDD,0,1,-0.0251612087495259,-0.0300666750534658,102434285299.2,21.0,0.3818181818181818,0.0001942764612499,10218834.0,,0.5374773,0.99,2023-07-17,-0.2381648483113746,0,0.0144411950347147,1.0606352916356256
354,AMZN,4,0,-0.0032592592592592,-0.0008910008910009,1380639441223.68,26.0,0.4561403508771929,5.908786047415661e-05,71439249.6,,0.57900184,0.9962098692033295,2023-07-17,-0.2410523031817758,0,0.0144411950347147,1.0599089693153636
952,INTU,3,0,-0.0021945715409618,-0.0042149631190727,134974917000.0,1.0,1.0,3.00272242177524e-06,393753.15,,0.51264143,1.003236850295674,2023-07-17,-0.2385957031049287,1,0.0144411950347147,1.0605257967632546
1964,DXCM,5,0,0.0190085724934773,-0.0045150014564521,52989841199.99999,0.0,0.0,2.728801302533268e-05,1435349.9999999998,,0.6285758,1.01,2023-07-17,-0.2309816601359779,1,0.0144411950347147,1.062520959569748
1021,LRCX,3,0,-0.0078125,-0.0055750438486593,85305900000.0,0.0,0.0,1.22760861653216e-05,1035050.0,,0.5279191,1.01,2023-07-17,-0.2232914767373377,1,0.0144411950347147,1.0646741884004027
2056,PAYX,5,0,0.0047650894499247,-0.0055436041701141,43334021816.96,0.0,0.0,1.196009287496986e-05,462491.12,,0.5999761,1.01,2023-07-17,-0.2155243915047111,1,0.0144411950347147,1.067004921966798
492,PEP,2,0,-0.0074042507857027,-0.0099357101110461,256511911237.12,4.0,0.2105263157894736,1.0601205598763982e-05,2714414.7800000003,,0.59232867,1.0023612750885478,2023-07-17,-0.2136720287927979,1,0.0144411950347147,1.0675858001456928
538,ASML,3,0,-0.0174211429325591,-0.0126256597968223,292886300000.0,2.0,0.1176470588235294,4.73399739966791e-07,7700363.5,,0.5689927,0.99,2023-07-17,-0.2215353085048699,0,0.0144411950347147,1.0651868775780151
2425,BIDU,1,0,-0.008958642058467,-0.0169049846318321,51436205432.96,9.0,0.3333333333333333,8.661615382318634e-05,3559663.22,,0.6808267,0.99,2023-07-18,-0.2293199554198212,0,0.0144411950347147,1.0629740007069028
654,MU,1,0,-0.0175518925518924,-0.012124002455494,70504458940.16,5.0,0.217391304347826,5.758182891949156e-05,4047521.23,,0.6765434,0.9955724716482832,2023-07-18,-0.2327321631673022,0,0.0144411950347147,1.062050706005485
1781,AAL,1,0,-0.0032585777266628,0.001100110011001,11882106163.2,3.0,0.1304347826086956,0.0001168055353664,1371442.8,,0.50575376,1.01,2023-07-18,-0.2250594847989753,1,0.0144411950347147,1.0641661250029686
792,AMAT,4,0,-0.0137620656403756,-0.0116838487972507,120755619750.4,1.0,0.1666666666666666,1.6540926110787377e-05,1989041.6,,0.6484288,0.99,2023-07-18,-0.2328088899509856,0,0.0144411950347147,1.062030255965548
631,QCOM,1,0,-0.0071428571428572,-0.0087520259319287,136264480000.0,2.0,0.25,5.331697848482195e-06,726580.7999999999,,0.5209805,0.9995078482668412,2023-07-18,-0.2331864643854602,0,0.0144411950347147,1.0619298168646842
1229,ADI,1,0,-0.0019457245263698,-0.0073334691383175,97736393441.28,1.0,1.0,4.337269140089376e-06,422196.72,,0.66155726,0.9989739380258568,2023-07-18,-0.2339732625956125,0,0.0144411950347147,1.061721561149806
1321,ROKU,1,0,-0.0132095213183362,-0.0051424050632911,10622227269.15,3.0,0.1875,6.758632189929459e-05,629403.9,,0.58667165,1.01,2023-07-18,-0.2263129952215686,1,0.0144411950347147,1.0638107194002548
1091,MELI,1,0,-0.0025999488534651,-0.0077342537547598,58745402380.0,0.0,0.0,6.298533218291631e-06,341654.6,,0.6465266,1.01,2023-07-18,-0.2185761251737843,1,0.0144411950347147,1.066069407275076
1390,LIN,4,0,-0.0064847765915382,-0.0136609876737065,184524210314.88,1.0,1.0,5.396151155236057e-06,990090.03,,0.6897995,1.01,2023-07-18,-0.2107618864255221,1,0.0144411950347147,1.0685190063518335
2310,ALGN,1,0,-0.0167346826983649,-0.0306728588400475,27469603000.0,2.0,0.4,6.625137740532838e-05,1711353.0,,0.6529346,0.99,2023-07-18,-0.2186542675612669,0,0.0144411950347147,1.0660457954732958
309,ATVI,2,0,-0.0072953545756892,-0.0072953545756892,72743290049.28,16.0,0.32,0.0006309121098071,45607666.88,,0.60476875,1.0016210958608018,2023-07-18,-0.2173876312285553,1,0.0144411950347147,1.0664306195945972
1022,LRCX,4,0,-0.002819735097319,-0.0088323965640008,87890601600.0,1.0,1.0,1.3684446970791012e-05,1188754.08,,0.81935257,0.9994191733920272,2023-07-18,-0.2178421933160662,0,0.0144411950347147,1.066292001631484
1551,KLAC,1,0,-0.0152845528455284,-0.0120314857865328,66470175395.84,0.0,0.0,3.938567570061571e-06,260650.24,,0.6236459,0.99,2023-07-18,-0.2256637713829056,0,0.0144411950347147,1.0639942997771272
2103,IDXX,4,0,,-0.0080276891852712,45382150194.0,,,,,,0.57573426,0.99,2023-07-18,-0.2334071336690765,0,0.0144411950347147,1.061871266776231
2357,PCAR,2,0,-0.0154103852596314,-0.0139789756206665,46095276000.0,3.0,0.1666666666666666,2.099392153679465e-05,949943.58,,0.686896,1.0026085970284675,2023-07-19,-0.2314074017959211,1,0.0144411950347147,1.0624059339616565
2311,ALGN,0,1,-0.0083798882681564,-0.0155842715323609,27163535000.0,3.0,0.3333333333333333,6.844724852553856e-05,1748375.0,,0.50828576,0.99,2023-07-19,-0.2390933277779618,0,0.0144411950347147,1.060399824490819
540,ASML,5,0,-0.0235591720275285,-0.0235591720275285,290799313000.0,13.0,0.4642857142857143,2.2043319033685216e-06,35600370.395,,0.797277,0.99,2023-07-19,-0.2467023945001822,0,0.0144411950347147,1.058536906639972
103,JPM,8,0,-0.0063748129838027,-0.0059221658206429,443906770112.0,5.0,0.2777777777777778,8.337185327632814e-06,3683871.75,,0.50158924,1.004255973813421,2023-07-19,-0.2434963796174625,1,0.0144411950347147,1.0593076375813149
1829,LULU,4,0,-0.01006376277176,-0.01006376277176,49120788473.16,0.0,0.0,3.0705284038118102e-06,138782.22,,0.59617275,1.01,2023-07-20,-0.235931343413637,1,0.0144411950347147,1.061209311258811
380,META,3,0,-0.0041296060991105,-0.0079427866206765,803415869734.5,20.0,0.4545454545454545,7.587286733391822e-05,52257942.0,,0.6284073,0.99,2023-07-20,-0.2435720299795006,0,0.0144411950347147,1.059289217386455
2059,PAYX,8,0,-0.0004059759662227,-0.0016219284729543,44386816090.24,1.0,1.0,7.555869485200554e-06,299280.41,,0.5563614,1.0012590366339047,2023-07-20,-0.2426196594543347,1,0.0144411950347147,1.0595219491577632
2243,SPOT,9,0,-0.004443194600675,-0.0157362099644128,34236920180.0,2.0,0.2222222222222222,3.727798056210476e-05,931426.62,,0.6313857,0.99,2023-07-20,-0.2501934628597914,0,0.0144411950347147,1.0577201133460774
771,GS,3,0,-0.0083040935672513,-0.0040816326530611,112753063680.00002,1.0,0.125,2.066692548143188e-05,2381920.68,,0.507792,1.01,2023-07-20,-0.2426953974883893,1,0.0144411950347147,1.0595033741231357
2335,LUV,2,0,-0.0101252331468159,-0.0053547523427042,22106962841.6,7.0,0.4666666666666667,4.0291600384036375e-05,887810.7,,0.50986886,0.99,2023-07-20,-0.2502684435135054,0,0.0144411950347147,1.057702820347526
1093,MELI,3,0,,-0.0128492759534978,60751196000.0,,,,,,0.6045187,1.01,2023-07-20,-0.2427711279486404,1,0.0144411950347147,1.0594848125340912
472,CRM,1,0,-0.0114849113501721,-0.0139522976490165,225091400000.0,7.0,0.35,4.134561041272302e-05,9016828.7,,0.6692596,1.01,2023-07-20,-0.2351988392281268,1,0.0144411950347147,1.0613999417773816
403,BAC,3,0,-0.0085443037974684,-0.0063431652394545,249185036805.12,12.0,0.2448979591836734,3.94446127173928e-05,9781727.28,,0.5190503,1.01,2023-07-20,-0.227550827620408,1,0.0144411950347147,1.063463601454375
1415,CRWD,3,0,-0.015004132494119,-0.017003997208299,36735144763.950005,1.0,0.125,4.22187757379016e-05,1443172.95,,0.69287485,0.99,2023-07-20,-0.2352753193442039,0,0.0144411950347147,1.061379982715431
1990,MMM,2,0,-0.0078853735936147,-0.0029957479706223,56916000240.0,7.0,0.4375,4.68181401043432e-05,2663849.4,,0.5016794,1.001890084326839,2023-07-20,-0.2338299252109494,1,0.0144411950347147,1.0617593963719
656,MU,1,0,-0.0078570328146663,-0.0086206896551722,70537317939.20001,12.0,0.3,0.0001228669983003,8640548.0,,0.61264163,1.01,2023-07-20,-0.2261682244630589,1,0.0144411950347147,1.0638515647766138
1323,ROKU,1,0,-0.0252263906856404,-0.0252263906856404,10608148770.45,14.0,0.4242424242424242,0.0004126233263017,3837500.15,,0.6303958,0.99,2023-07-20,-0.2339065422184283,0,0.0144411950347147,1.0617391668388187
58,XPEV,3,0,-0.0307947019867549,-0.0230307076101469,13724045786.055,20.0,0.3508771929824561,0.0004703417795936,3420667.82,,0.64751834,0.99,2023-07-20,-0.241567476796244,0,0.0144411950347147,1.0597812057576588
1944,ADSK,2,0,,-0.0088099694161683,46408463640.0,,,,,,0.6090376,0.9939439992631482,2023-07-20,-0.2461605447156183,0,0.0144411950347147,1.0586657583626906
633,QCOM,1,0,-0.0091448740574362,-0.0072335637357338,137601280000.0,13.0,0.40625,4.494782852871959e-05,6185387.52,,0.53955746,0.9987451424870468,2023-07-20,-0.2471065058196425,0,0.0144411950347147,1.0584411769605735
1622,GM,2,0,-0.0106626047220107,-0.0066275809329594,54172973905.92,8.0,0.3636363636363636,5.415043591505411e-05,2895393.06,,0.5563401,0.9967924044136516,2023-07-20,-0.2495214836685658,0,0.0144411950347147,1.0578755577371313
357,AMZN,1,0,-0.0074035685200266,-0.0095301418439717,1375611845160.96,25.0,0.4032258064516129,5.763423077109402e-05,69428015.42999999,,0.6186603,0.99,2023-07-20,-0.2570262688318802,0,0.0144411950347147,1.056185677442023
2036,TEAM,9,0,-0.0050299657534246,-0.013999363665288,47787879720.6,1.0,0.25,6.957501271941087e-06,194307.3,,0.6427587,0.99,2023-07-20,-0.2644560061435613,0,0.0144411950347147,1.054607173591192
265,NFLX,3,0,-0.0153968149078173,-0.06405075483155,198709823424.0,25.0,0.3968253968253968,0.0024537395577445,479539812.0,,0.6594942,0.99,2023-07-20,-0.2718114460821257,0,0.0144411950347147,1.0531294588321032
1508,FDX,1,0,-0.0134848484848484,-0.0117629202398118,65419144363.52,1.0,0.5,4.87601077570667e-06,293255.44,,0.67241734,1.0027645522961144,2023-07-21,-0.2697983307433879,1,0.0144411950347147,1.053525887261512
59,XPEV,4,0,-0.0086206896551724,-0.0059840425531914,14019438640.349998,20.0,0.3773584905660377,0.0007304673542806,5426835.05,,0.5790247,0.99,2023-07-21,-0.277100347435954,0,0.0144411950347147,1.0521153985129972
1117,DHR,3,0,0.0021477840650943,-0.0071609788035027,179146345760.0,2.0,0.2857142857142857,8.914676039786138e-06,1415018.16,,0.6041992,1.01,2023-07-21,-0.2698713509103135,1,0.0144411950347147,1.0535114045488807
658,MU,1,0,-0.0066869300911853,-0.0044173648134045,71588805908.48,6.0,0.2307692307692307,3.21613548506265e-05,2295443.2,,0.51582646,1.01,2023-07-24,-0.2625700644194166,1,0.0144411950347147,1.054999396319784
1693,GILD,10,0,0.0002506265664159,-0.0101686507936508,99563478277.12,2.0,0.1333333333333333,9.148434385622817e-06,909868.18,,0.5313695,0.99,2023-07-24,-0.2699443637752224,0,0.0144411950347147,1.0534969311185165
2176,CTAS,10,0,,-0.0050057151866304,51362452160.0,,,,,,0.52931285,1.009942956742196,2023-07-24,-0.262685452164843,1,0.0144411950347147,1.0549752371732122
359,AMZN,1,0,-0.0040889636196881,0.0023461538461538,1336981438679.04,18.0,0.3103448275862069,4.2195105155272224e-05,49402143.735,,0.56608593,0.99,2023-07-24,-0.2700585976431946,0,0.0144411950347147,1.0534743020986677
1854,JD,3,0,-0.0103939161269842,-0.0160507148637712,57138086332.8,13.0,0.2363636363636363,0.000164656890036,7117476.175,,0.6729891,1.01,2023-07-24,-0.2627591836196266,1,0.0144411950347147,1.054959810864765
543,ASML,1,0,-0.012057228568132,-0.012057228568132,269479000000.0,2.0,0.1111111111111111,6.023797716042672e-07,9015285.0,,0.5321241,1.0014014598540146,2023-07-24,-0.2617259702127285,1,0.0144411950347147,1.055176775246939
2337,LUV,1,0,-0.0045748116254035,-0.006979865771812,22011751157.76,3.0,0.25,2.158900087528604e-05,473656.95,,0.5463581,1.01,2023-07-24,-0.2543432299148558,1,0.0144411950347147,1.0567783740088112
1141,PDD,1,0,-0.0065876152832674,-0.0075029616954059,100175682380.8,14.0,0.2857142857142857,0.0001728538682126,8891545.0,,0.5684427,0.99,2023-07-24,-0.2617997976157072,0,0.0144411950347147,1.0551612154258148
2361,PCAR,1,0,-0.0749417120017764,-0.0606538895152199,43559696000.0,3.0,0.5,9.803268911417662e-06,419182.92,,0.5959003,0.99,2023-07-25,-0.2691817996395502,0,0.0144411950347147,1.053648482379018
1119,DHR,5,0,-0.0428957528957529,-0.0391115590355842,183030077280.0,13.0,0.3421052631578947,0.0003149225483101,51071041.47,,0.7506974,1.01,2023-07-25,-0.2618736176359457,1,0.0144411950347147,1.0551456659326055
567,BA,1,0,-0.0113085621970921,-0.0077361374901561,128861431372.8,12.0,0.375,0.0001079390904599,12906835.2,,0.5959691,0.99,2023-07-25,-0.2692548814595863,0,0.0144411950347147,1.053633920976405
1349,ABT,4,0,-0.0082419991231915,-0.0131739661490141,196692636309.76,1.0,0.5,1.0737155424894296e-06,209592.83,,0.5592885,0.9976129431526832,2023-07-25,-0.2709992115984414,0,0.0144411950347147,1.0532886975926457
2453,ROST,1,0,0.0029551356675919,-0.0062111801242236,38153472000.0,0.0,0.0,7.242374968741227e-06,270704.0,,0.54004663,0.9984821428571428,2023-07-25,-0.2721057306522652,0,0.0144411950347147,1.0530719988884385
912,F,1,0,-0.0211864406779661,-0.007163323782235,54468691200.0,15.0,0.375,0.0002098531248209,11403841.68,,0.56895983,0.99,2023-07-25,-0.2793846733457426,0,0.0144411950347147,1.0516892886849365
337,ADBE,2,0,-0.0111936036550542,-0.0084755469018441,236751636000.0,1.0,0.2,2.040587099156174e-05,4816581.659999999,,0.6269795,1.002011859381618,2023-07-25,-0.2779348966402755,1,0.0144411950347147,1.051958912714029
890,ISRG,1,0,-0.0074981103552532,-0.007948020550015,115339308476.16,1.0,0.2,7.256965485002233e-06,832492.72,,0.5691699,1.0037164529198526,2023-07-26,-0.2752513756785706,1,0.0144411950347147,1.0524654781437994
338,ADBE,3,0,-0.011702202398923,-0.0092321163437012,237239342000.0,0.0,0.0,2.638481539834199e-06,624067.51,,0.5790257,0.99,2023-07-26,-0.2824988619217848,0,0.0144411950347147,1.0511194803988737
545,ASML,1,0,-0.0184351089937925,-0.0107231194529317,267484462000.0,1.0,0.0909090909090909,1.5451972562388926e-07,2295443.68,,0.5272729,1.0040151192034474,2023-07-26,-0.2796180093237916,1,0.0144411950347147,1.0516461549441622
1856,JD,5,0,-0.0083116883116883,-0.0090838307812094,59808968778.24,10.0,0.2439024390243902,6.702199425464045e-05,3032522.86,,0.72119844,1.01,2023-07-26,-0.2724141894170295,1,0.0144411950347147,1.053011904650118
1189,MRVL,1,0,-0.0103480714957667,-0.012206572769953,54283200000.0,4.0,0.2,2.537308645322556e-05,1368062.88,,0.63883555,0.99,2023-07-26,-0.2796900475228593,0,0.0144411950347147,1.0516328527332903
1557,KLAC,3,0,-0.0003481591087127,-0.014395743494025,63029224275.2,1.0,1.0,3.2650578740659125e-06,204892.4,,0.6808072,0.9992816717457554,2023-07-26,-0.2802074665135372,0,0.0144411950347147,1.0515375097401878
637,QCOM,1,0,-0.0175438596491228,-0.0149516270888301,137244800000.0,2.0,0.1818181818181818,1.373944427049107e-05,1885822.4,,0.63036835,1.01,2023-07-26,-0.2730095411786726,1,0.0144411950347147,1.0528963016177653
292,AVGO,3,0,-0.0103429504627109,-0.0097931350014706,375130657728.0,3.0,0.3,2.252831647251508e-05,8323713.0,,0.6336378,0.99,2023-07-26,-0.2802794457668859,0,0.0144411950347147,1.0515242742656403
959,INTU,1,0,,-0.0075936108929039,137985562000.0,,,,,,0.5179247,1.01,2023-07-26,-0.2730822402245547,1,0.0144411950347147,1.0528822197402503
1948,ADSK,2,0,,-0.01010628202695,44589655380.0,,,,,,0.63955444,1.01,2023-07-26,-0.2658130626268002,1,0.0144411950347147,1.0543283873712035
660,MU,1,0,-0.0102025277904675,-0.010353227771011,71194497920.0,8.0,0.3076923076923077,8.951699200906725e-05,6353880.0,,0.625065,1.01,2023-07-26,-0.2584711932530682,1,0.0144411950347147,1.0558715841907202
1580,FCX,2,0,-0.0114337983077978,-0.0105287251087205,61961126008.31999,6.0,0.3,1.5085851133625292e-05,927629.34,,0.6580277,1.01,2023-07-26,-0.2510559051855989,1,0.0144411950347147,1.0575218297456048
2270,BP,6,0,-0.0075410719095071,-0.0102068224550092,106408432627.2,4.0,0.1904761904761904,1.8299273601312147e-06,770201.85,,0.64583594,1.0048846675712346,2023-07-26,-0.2473975622529913,1,0.0144411950347147,1.05837242252188
1235,ADI,3,0,-0.0091889938567962,-0.0190636818971685,96237153669.12,1.0,0.2,6.185514484642697e-06,592871.77,,0.67506355,1.0006773302766634,2023-07-26,-0.2468878018356146,1,0.0144411950347147,1.0584929467043096
361,AMZN,1,0,-0.0057371895630304,-0.0202896306048167,1298043220193.28,29.0,0.4677419354838709,0.0001330414524725,151228788.9,,0.83190745,1.01,2023-07-26,-0.2393566798539708,1,0.0144411950347147,1.060333369611933
614,CVX,6,0,-0.0072812538565963,-0.0103346456692913,300757113425.92,4.0,0.3076923076923077,6.922593555350515e-06,1958553.12,,0.61737376,1.0045375435106914,2023-07-26,-0.2359052276926915,1,0.0144411950347147,1.061216087392209
1442,NXPI,1,0,-0.00196877432352,-0.0086861612624493,56195679960.0,2.0,0.4,1.32927062625344e-05,745491.6,,0.6404017,1.01,2023-07-26,-0.2282642799696184,1,0.0144411950347147,1.0632652425365758
154,GOOGL,3,0,-0.0063035209110197,0.064315522461337,1653618840341.21,32.0,0.4848484848484848,0.00015898806767,224953203.46,,0.5518897,0.99,2023-07-26,-0.2359816371699222,0,0.0144411950347147,1.0611962659802896
131,TSM,2,0,-0.007778996708886,-0.0082735247208931,515994961469.44,14.0,0.4516129032258064,2.068715371566971e-06,7959498.47,,0.54221517,1.0002512815358329,2023-07-26,-0.2357896534623058,1,0.0144411950347147,1.061246092958966
1741,MCHP,1,0,-0.0006713662302786,-0.0168428005284016,48614470968.96,1.0,0.3333333333333333,7.383052283270163e-06,352060.02,,0.6970007,0.9969768223043332,2023-07-26,-0.2380999971367563,0,0.0144411950347147,1.060651806839041
177,TXN,1,0,-0.0172777777777778,-0.0493873602751506,160554918890.24,11.0,0.44,9.105205084318716e-05,14598731.7,,0.62131035,0.99,2023-07-26,-0.2457189971653888,0,0.0144411950347147,1.058771178465272
1465,AZN,1,0,-0.0146804835924008,-0.0106936416184972,212208193827.84,9.0,0.28125,2.541657281061209e-06,3238774.14,,0.5929349,1.002629272567923,2023-07-26,-0.2437357868161304,1,0.0144411950347147,1.0592493832085843
798,AMAT,3,0,-0.0112787356321838,-0.0173497072683136,115574380711.04,3.0,0.5,5.453052563995838e-06,627592.7999999999,,0.5664491,1.01,2023-07-26,-0.2361731446842917,1,0.0144411950347147,1.061146643298582
200,TMUS,4,0,-0.0043661971830986,-0.0076507334877518,169640454986.24,1.0,0.125,1.0780548508669344e-05,843331.7,,0.6075481,0.99,2023-07-26,-0.2438114132374488,0,0.0144411950347147,1.0592310049925775
2109,IDXX,1,0,,-0.0109220902868843,45645783006.0,,,,,,0.5701763,1.0031965709511614,2023-07-26,-0.2413942027674038,1,0.0144411950347147,1.05982411702169
2086,MRO,6,0,-0.0080893682588598,-0.0088529638183218,15903302176.0,3.0,0.2,2.0702637540152323e-05,326973.5,,0.69044584,1.0056077669902912,2023-07-26,-0.2371401182190393,1,0.0144411950347147,1.060897308912429
1028,LRCX,3,0,0.0013100845316448,-0.0126414862204724,86248966800.0,1.0,0.2,2.629191214916424e-05,2241291.82,,0.7038391,0.9982866577365191,2023-07-26,-0.2384471582956087,0,0.0144411950347147,1.0605635023622788
2040,TEAM,1,0,0.0,-0.0164671500028101,44976223250.0,1.0,0.5,6.038711630287624e-06,158725.0,,0.7068879,0.99,2023-07-26,-0.2460626867126526,0,0.0144411950347147,1.0586890894659655
1419,CRWD,1,0,-0.0110041256422254,-0.0043725983834636,35632592494.2,6.0,0.4,3.473587732209102e-05,1151745.92,,0.53290313,0.99,2023-07-26,-0.2536020598455261,0,0.0144411950347147,1.056944312847897
1396,LIN,4,0,-0.0020361349519318,-0.0098199672667758,189571955302.4,1.0,0.5,2.076706820686583e-06,391459.2,,0.518223,0.99,2023-07-26,-0.2610660392470708,0,0.0144411950347147,1.055316252839182
1143,PDD,3,0,-0.0114964904880871,-0.0087962405109048,109289809451.52,10.0,0.25,7.472769179857888e-05,4193697.06,,0.6188561,1.01,2023-07-26,-0.2536766996395415,1,0.0144411950347147,1.056927558010786
223,MSFT,2,0,-0.0016374269005848,-0.0271810359564648,2538773634580.48,30.0,0.4615384615384615,0.0002696657643887,683532150.4,,0.58271664,0.99,2023-07-26,-0.2611399326431461,0,0.0144411950347147,1.0553006002894585
1995,MMM,2,0,-0.0147190008920605,-0.019442471590909,60932172400.0,10.0,0.3225806451612903,0.0001038775217001,6327459.600000001,,0.6799734,1.01,2023-07-27,-0.2537513319695776,1,0.0144411950347147,1.0569108147043975
2386,EBAY,1,0,-0.0226346277622827,-0.0664959016393442,24359943670.56,17.0,0.53125,0.0002513796127879,6073028.16,,0.6405887,0.99,2023-07-27,-0.2612138186498819,0,0.0144411950347147,1.055284958159396
1857,JD,6,0,-0.0171934260429835,-0.0066445182724253,60889853756.16,29.0,0.4677419354838709,0.0003202131945276,14750426.47,,0.58244735,0.99,2023-07-27,-0.268601680463383,0,0.0144411950347147,1.053764351026402
1052,ABBV,1,0,-0.013923013923014,0.018181818181818,254904626135.04,7.0,0.2592592592592592,0.0001729365822734,44011353.12,,0.55414945,1.01,2023-07-27,-0.2612876972680169,1,0.0144411950347147,1.0552693264386712
661,MU,2,0,-0.003816254416961,0.0460077174235679,77196741744.64,21.0,0.3620689655172414,0.0005762523575946,44350526.72,,0.5174034,1.01,2023-07-27,-0.2539005742406971,1,0.0144411950347147,1.0568773626365435
1788,AAL,1,0,-0.0189685832839359,-0.0125298329355609,10804882252.8,18.0,0.4186046511627907,0.0016722223571145,17853974.5,,0.60858345,0.99,2023-07-27,-0.2613615684982902,0,0.0144411950347147,1.0552537051169757
1466,AZN,2,0,-0.0151884224100874,-0.0093686941481693,213045123601.92,3.0,0.1666666666666666,2.8176405707695395e-06,3604613.58,,0.58419526,1.0024006983849847,2023-07-27,-0.2595883204086964,1,0.0144411950347147,1.055631143234713
1282,HON,0,1,-0.0364676946362689,-0.0218476903870161,135605060040.32,7.0,0.2592592592592592,7.322797077487124e-05,9430958.16,,0.52600074,0.99,2023-07-27,-0.2669924372046094,0,0.0144411950347147,1.0540884048473915
983,PFE,1,0,-0.0123291342803538,-0.0096748185971512,208029671731.2,20.0,0.4347826086956521,2.0546572924205303e-05,4270362.25,,0.5811474,0.9957937584803256,2023-07-27,-0.2700756440494747,0,0.0144411950347147,1.053470926952855
1145,PDD,5,0,-0.0024912240969312,0.0421152253637762,117035488871.68,22.0,0.34375,0.0003293084226447,19790475.58,,0.50740737,1.01,2023-07-28,-0.2627764004899694,1,0.0144411950347147,1.0549562099480314
1536,REGN,3,0,-0.0047342371422422,-0.0062578895066204,79840080000.0,1.0,0.5,3.6880014739520727e-05,2797940.0,,0.5060563,0.99,2023-07-28,-0.2701486364850697,0,0.0144411950347147,1.053456479450019
915,F,2,0,-0.0123636363636363,-0.010924981791697,53368313600.0,24.0,0.4,0.0006134898691598,32664775.22,,0.6742699,0.99,2023-07-28,-0.277447150120219,0,0.0144411950347147,1.0520502554394855
1628,GM,2,0,-0.0056453682319732,-0.0056453682319732,53867147520.0,9.0,0.3103448275862069,8.171251073536691e-05,4344456.25,,0.55427736,0.99,2023-07-28,-0.2846726786190168,0,0.0144411950347147,1.050729121968328
663,MU,4,0,-0.0011235955056179,-0.0011235955056179,77897733724.16,8.0,0.2051282051282051,0.0001173916924731,9116943.92,0.0426430569378115,0.5535524,0.999015748031496,2023-07-31,-0.2853767409432107,0,0.0144411950347147,1.0506039664864928
364,AMZN,2,0,-0.0051534842034505,0.0074880871341046,1366685297049.6,25.0,0.3846153846153846,0.0001066057812008,127587351.6,0.0185494252089501,0.50215596,1.0006006006006003,2023-07-31,-0.2849475377846181,1,0.0144411950347147,1.0506801888761377
1974,DXCM,1,0,-0.0085635564822399,0.0057410484967517,51609857039.99999,1.0,1.0,2.025290338156358e-05,1037560.02,0.0299610182047,0.64039195,0.99,2023-07-31,-0.2920980624067719,0,0.0144411950347147,1.0494395440891495
341,ADBE,1,0,-0.0074146693879555,0.0245807098152665,246984346000.0,7.0,0.2258064516129032,0.0001050177268769,25859662.01,0.0323969344753796,0.5658508,1.01,2023-07-31,-0.2850190430308397,1,0.0144411950347147,1.0506674742892608
134,TSM,1,0,-0.0141937022900763,-0.0166567519333729,514387177390.08,11.0,0.2444444444444444,2.2754240034971035e-06,8727542.46,0.0252638158496685,0.66175044,0.9967735430530348,2023-07-31,-0.2873258983064006,0,0.0144411950347147,1.050260680014702
387,META,4,0,-0.0055606758832565,-0.005499569866044,829530088913.43,22.0,0.4680851063829787,0.0001896129827959,134842132.82,0.0349519796611447,0.7013547,0.9964472180172388,2023-07-31,-0.2898578740144781,0,0.0144411950347147,1.0498216413261674
456,JNJ,7,0,-0.0189061054579094,-0.0274530032095368,440978490984.96,16.0,0.4102564102564102,9.549419044206306e-05,42056648.36,0.0362451608107652,0.8602956,0.99,2023-07-31,-0.2969592952743334,0,0.0144411950347147,1.0486302172200868
479,CRM,1,0,-0.0060792990925752,-0.0144060283687943,216568900000.0,12.0,0.3333333333333333,4.0264734829746943e-05,8448632.95,0.0329279709227655,0.64788884,1.0049021812457837,2023-07-31,-0.2935128623166047,1,0.0144411950347147,1.0492012340472403
2434,BIDU,1,0,-0.013079365079365,0.0005149330587022,54341356436.48,11.0,0.3055555555555556,0.0001597175527202,6934644.72,0.0306497716666269,0.55898803,0.99,2023-07-31,-0.3005777336934386,0,0.0144411950347147,1.0480447931297647
1146,PDD,6,0,-0.0108768035516092,-0.0025741466144374,118403936522.24,24.0,0.4067796610169492,0.0003025884466969,18397308.96,0.0711864669026162,0.5516352,0.99,2023-07-31,-0.3075719563565042,0,0.0144411950347147,1.046952248851895
847,BKNG,1,0,,-0.0040667275292555,110801100000.0,,,,,0.0409184630882966,0.52634174,1.00233,2023-07-31,-0.3059585990148149,1,0.0144411950347147,1.0471998338377
2343,LUV,2,0,-0.0055800293685755,-0.0087822014051521,20149172592.64,7.0,0.3043478260869565,8.374441721798773e-05,1681860.06,0.0511094843556743,0.64706236,0.99,2023-08-01,-0.3128990130246668,0,0.0144411950347147,1.0461528941722047
2435,BIDU,2,0,-0.0159105431309904,-0.012693121353933,53841432737.92,11.0,0.3928571428571428,0.0001114403420768,4794023.279999999,0.032221691344073,0.73547715,0.99,2023-08-01,-0.3197700228944201,0,0.0144411950347147,1.045161190858353
1170,SQ,2,0,-0.0133399209486165,-0.008071526139327,48319092400.12,16.0,0.4324324324324324,0.0001635775409104,7073054.48,0.0566849443895143,0.66508174,0.99,2023-08-01,-0.326572322665476,0,0.0144411950347147,1.0442205111469522
1147,PDD,7,0,-0.0095709942574035,-0.0207080828323313,116862772177.92,23.0,0.4423076923076923,0.000205231812626,12315631.44,0.0756412924877349,0.74768513,1.01,2023-08-01,-0.3198380458921307,1,0.0144411950347147,1.0451515859985752
1423,CRWD,2,0,-0.0040210330961955,-0.0040826425831992,38174390415.0,5.0,0.3571428571428571,8.212152416479217e-05,2917159.0,0.033643797521576,0.5774016,0.99,2023-08-01,-0.3266396654332094,0,0.0144411950347147,1.0442113942762032
158,GOOGL,7,0,-0.0142835607145547,-0.0146549125979505,1662581716349.825,16.0,0.3404255319148936,6.997117553332567e-05,99539260.475,0.0384538979328227,0.8165323,1.01,2023-08-01,-0.3199060620875416,1,0.0144411950347147,1.0451419861833158
1239,ADI,3,0,-0.0040314452731304,-0.0094722598105548,99100250357.76,1.0,0.5,6.36373099132227e-06,628099.9199999999,0.0206825247816975,0.52950084,1.0040983606557377,2023-08-01,-0.3171187918501954,1,0.0144411950347147,1.0455387552104976
1193,MRVL,3,0,-0.0102227647238328,-0.0039920159680637,55788200000.00001,5.0,0.1612903225806451,7.793730878580287e-05,4318720.25,0.0332221476027717,0.5866476,1.0052412517342375,2023-08-01,-0.313539639533702,1,0.0144411950347147,1.0460585942376912
20,TSLA,2,0,-0.0083426443202979,-0.0043749766293984,843911044439.0399,36.0,0.5454545454545454,0.0004417239452659,319156542.9,0.0412427265250275,0.5915052,0.99,2023-08-01,-0.320404243138365,0,0.0144411950347147,1.0450717970937682
1906,MAR,3,0,-0.0265848910170199,-0.0111986521976115,60534287507.200005,4.0,0.3333333333333333,4.9697261828080805e-05,2357882.8000000003,0.0276142023562087,0.64222103,1.01,2023-08-01,-0.3136082855697486,1,0.0144411950347147,1.0460485124252334
2090,MRO,2,0,-0.0095129375951293,-0.00913589645984,16076231287.04,5.0,0.2272727272727272,0.000107595673478,1717823.82,0.0428739679218625,0.690436,0.9919323857087976,2023-08-01,-0.319145829174449,0,0.0144411950347147,1.045249518290966
779,GS,1,0,-0.0056179775280898,-0.0052547278500576,117686592000.0,1.0,0.25,6.474047566445983e-06,778800.0,0.0470386045018579,0.6870851,1.0013841807909605,2023-08-01,-0.318203403909747,1,0.0144411950347147,1.0453835341082989
1860,JD,2,0,-0.0124602980698753,-0.0215444202372307,63317928706.560005,24.0,0.4444444444444444,0.000161144072454,7719007.4,0.0470301374063973,0.7214644,1.00531914893617,2023-08-01,-0.314576826270969,1,0.0144411950347147,1.04590673510793
1584,FCX,2,0,-0.037037037037037,-0.0217245240761477,62606106501.12,9.0,0.375,0.0001063187626705,6605595.36,0.0445153516526655,0.58988935,1.004356684981685,2023-08-01,-0.3115906534238849,1,0.0144411950347147,1.046346688759849
1745,MCHP,3,0,-0.009623609923011,-0.0140515222482434,50416216561.920006,2.0,0.2857142857142857,8.924465786347622e-06,441334.3000000001,0.023963511016319,0.5298692,0.9993521917512416,2023-08-01,-0.3120366106771193,0,0.0144411950347147,1.0462804508848411
664,MU,5,0,-0.0025288002247823,-0.0054629499929962,77766297728.0,8.0,0.2666666666666666,5.2674291885194655e-05,4083920.0,0.0461950861010708,0.6215081,0.99,2023-08-01,-0.318916244570348,0,0.0144411950347147,1.045282092965099
2113,IDXX,2,0,-0.0154696132596684,-0.0362879238548482,44320157640.0,0.0,0.0,2.0690739400733627e-05,908820.0,0.040753062575036,0.6261642,0.99,2023-08-01,-0.3257270821246446,0,0.0144411950347147,1.044335260490218
572,BA,4,0,-0.0029506449026873,-0.0054427464936151,142908650899.2,5.0,0.2941176470588235,2.519880485760516e-05,3341615.85,0.0438908414921859,0.6280155,1.01,2023-08-01,-0.3189843529458911,1,0.0144411950347147,1.0452724244977758
411,BAC,1,0,-0.0093341630367143,-0.005,253241352437.76,9.0,0.3333333333333333,1.6735054367437935e-05,4217621.92,0.0484847985553014,0.6073788,0.992515703517588,2023-08-01,-0.3240812759576057,0,0.0144411950347147,1.0445604115573892
2251,SPOT,2,0,-0.0036205162587998,-0.0053543939495347,28743848980.000004,0.0,0.0,2.302421832513122e-05,482982.50000000006,0.0805212945249469,0.63308454,1.01,2023-08-01,-0.3173220887171818,1,0.0144411950347147,1.0455095801653622
319,ATVI,2,0,-0.0043926247288503,-0.0104031910306166,72165463201.92,15.0,0.3488372093023256,0.0002487035015729,17835584.91,0.0425655647713568,0.67108196,1.0010893839533743,2023-08-01,-0.3165783903553072,1,0.0144411950347147,1.0456164901795946
2044,TEAM,2,0,-0.0060649899844202,-0.0181928108167527,45909158623.7,1.0,0.3333333333333333,8.788422659294006e-06,235791.6,0.030846223822909,0.63190275,0.99,2023-08-01,-0.3234126064517542,0,0.0144411950347147,1.0446525421292414
2505,ALL,2,0,,-0.0114128992302928,29371082480.0,,,,,0.0354651893882603,0.5396674,0.99,2023-08-02,-0.3301784803872366,0,0.0144411950347147,1.0437375416404424
1447,NXPI,1,0,-0.0050632911392403,-0.0152138893860747,56737064160.0,1.0,0.5,9.9695296969008e-06,564505.2000000001,0.0283752843068914,0.6108448,0.99,2023-08-02,-0.3368766955833643,0,0.0144411950347147,1.0428678956545423
1194,MRVL,4,0,-0.015174506828528,-0.0156226300621871,55814000000.00001,9.0,0.2368421052631578,4.6971935076553576e-05,2604047.6,0.0331069689268615,0.686611,0.99,2023-08-02,-0.3435079286275306,0,0.0144411950347147,1.0420403543301426
1148,PDD,8,0,-0.01573564122738,-0.027972027972028,116344622096.63998,27.0,0.4285714285714285,0.000328264776648,19611301.5,0.0802921746015374,0.7407132,0.99,2023-08-02,-0.3500728493412554,0,0.0144411950347147,1.0412519710165735
2068,PAYX,1,0,,-0.0101740720133534,44898791387.52,,,,,0.0340656971417102,0.58787084,0.9952621858186784,2023-08-02,-0.3531520834124724,0,0.0144411950347147,1.040892283276856
803,AMAT,1,0,-0.002846739490235,-0.0131691017493283,126482694344.96,4.0,0.2,1.7262020561684193e-05,2174199.7,0.0355973008173974,0.60899484,0.99,2023-08-02,-0.3596205625783476,0,0.0144411950347147,1.040156755584766
780,GS,2,0,-0.0025568980050575,-0.0076316672257632,118015715520.0,2.0,0.2,1.071749147136194e-05,1292873.58,0.0469300769224222,0.765337,0.99,2023-08-02,-0.3660243569525642,0,0.0144411950347147,1.0394541913957551
1424,CRWD,3,0,-0.0169628727936701,-0.0267956134008194,38296026826.695,6.0,0.1935483870967742,0.0002584795255322,9211086.39,0.0348862268548069,0.7294533,0.99,2023-08-02,-0.3723641133830385,0,0.0144411950347147,1.038782456514169
228,MSFT,1,0,-0.002332466134386,-0.0080573229470178,2480702459304.96,24.0,0.3934426229508196,3.186927194501347e-05,78932520.81,0.0250639033238842,0.5416761,0.99,2023-08-02,-0.3786404722492081,0,0.0144411950347147,1.03813959704025
918,F,1,0,-0.0075187969924813,-0.0163934426229508,51874944000.0,18.0,0.3157894736842105,9.48209209674334e-05,4907390.399999999,0.0571401496474754,0.6993576,0.99,2023-08-02,-0.3848540675267161,0,0.0144411950347147,1.0375238207238442
343,ADBE,3,0,-0.0178109633946457,-0.0178109633946457,245822056000.00003,4.0,0.2222222222222222,2.4884027733482168e-05,6098630.5600000005,0.0324960774147071,0.6819872,0.99,2023-08-02,-0.3910055268514489,0,0.0144411950347147,1.0369334805853043
1953,ADSK,3,0,-0.0026190476190476,-0.0141209696399152,44764910700.0,1.0,0.125,1.032843330203454e-05,461418.35,0.0222575055979851,0.6351832,0.99,2023-08-02,-0.3970954715829344,0,0.0144411950347147,1.036367060488371
2252,SPOT,3,0,-0.0029401937854994,-0.0108061522142667,28859899780.0,7.0,0.5,7.076582056914947e-05,1490458.6900000002,0.0860194749370417,0.6081956,0.99,2023-08-02,-0.4031245168671051,0,0.0144411950347147,1.0358231623989158
1562,KLAC,4,0,-0.008293699147046,-0.0188224313603483,69230619436.8,1.0,0.3333333333333333,1.8953441336225665e-05,1306409.4,0.0403345714455237,0.72222006,0.99,2023-08-02,-0.4090932716984341,0,0.0144411950347147,1.0353004951041096
389,META,1,0,-0.0060636369319247,-0.0145951473459142,814948154946.0,25.0,0.4166666666666667,0.0002439040585344,170401890.0,0.0352578402242572,0.72275996,0.9962578616352202,2023-08-02,-0.4113045264364179,0,0.0144411950347147,1.035110712638722
2183,CTAS,1,0,-0.0048561151079135,-0.0114739454094292,50659484040.0,1.0,0.5,1.1607237047426292e-05,579139.11,0.0187056647076665,0.53498054,1.0043175291684237,2023-08-02,-0.4087628165579882,1,0.0144411950347147,1.0353290329984457
2391,EBAY,1,0,-0.0063839489284085,-0.0041133455210237,23303838111.36,0.0,0.0,7.101353379736121e-06,164122.28,0.0461728079469458,0.56757754,0.9970169802661774,2023-08-03,-0.4105264887435654,0,0.0144411950347147,1.0351772551362342
712,T,1,0,-0.0097357440890125,-0.0076655052264807,101801762734.08,10.0,0.3125,3.212076840602447e-05,3264391.84,0.0384793460927029,0.64871246,0.99,2023-08-03,-0.4164212238561298,0,0.0144411950347147,1.0346792963648368
1983,MMM,0,1,-0.0071392659627954,0.0159481428130465,54472093280.0,8.0,0.2666666666666666,8.462986262935748e-05,4608492.02,,0.50043947,0.99,2023-07-11,-0.01,0,-0.01,-0.0
1851,JD,0,3,-0.0008119079837618,0.023849140321686,57835178818.560005,15.0,0.2727272727272727,0.0002230432428941,9758915.92,,0.602543,0.99,2023-07-19,-0.0199,0,-0.01,0.4974874371859299
2433,BIDU,0,1,-0.0068965517241379,0.0311423360129702,53362484858.88,9.0,0.3214285714285714,0.0001740772035834,7421967.359999999,,0.5051138,0.99,2023-07-28,-0.029701,0,-0.01,0.6633109996296428
1099,MELI,0,4,0.0064067439409904,0.0204718351995895,59940343259.99999,0.0,0.0,2.372735116479724e-06,131323.5,,0.5861689,0.99,2023-07-28,-0.03940399,0,-0.01,0.7462185935992778
1329,ROKU,0,1,-0.006903311258278,0.0995571198122893,10555889383.2756,19.0,0.3518518518518518,0.0025838035350692,23911639.0656,,0.5040151,0.99,2023-07-28,-0.0490099501,0,-0.01,0.7959598004161201
68,XPEV,0,3,-0.0082304526748971,0.0238980350504515,18079918193.04,24.0,0.3809523809523809,0.0016171625866461,15494063.52,0.1503907540895366,0.51148695,0.99,2023-08-03,-0.0585198505990001,0,-0.01,0.829117813910296
1149,PDD,0,1,-0.0005787706910521,0.027734793476967,114710456455.68,19.0,0.3220338983050847,0.0003162819030195,18630013.5,0.07361666374624,0.689605,0.99,2023-08-03,-0.06793465209301,0,-0.01,0.8527997172001573
1103,MELI,0,2,-0.0139257828221846,0.0516736635159382,61504310000.0,1.0,0.1,0.0003115185504745,17691450.0,0.0384419921039453,0.5019549,0.99,2023-08-03,-0.07725530557208,0,-0.01,0.8705590518871238
1129,PDD,1,0,-0.0203739882779792,-0.0228285077951002,93267014630.4,13.0,0.3421052631578947,0.0001176329754657,5633690.4,,0.5823279,0.99,2023-07-06,-0.01,0,-0.01,-0.0
1934,ADSK,1,0,-0.0020458060975001,-0.0188864361049791,42745200000.0,0.0,0.0,1.755786777853806e-05,749000.0,,0.555923,0.99,2023-07-06,-0.0199,0,-0.01,0.4974874371859299
1842,JD,1,0,-0.0247159090909092,-0.0247159090909092,53777943901.44,17.0,0.3863636363636363,0.0001799004763002,7319087.34,,0.56705225,0.9921351587532772,2023-07-06,-0.027608330905913,0,-0.01,0.637790490338616
807,CCL,1,0,-0.0187597707139136,-0.0197813638729829,24593298344.79,27.0,0.4285714285714285,0.0014582088422014,27675260.69,,0.5072462,0.99,2023-07-06,-0.0373322475968539,0,-0.01,0.7321350670340372
1152,SQ,1,0,-0.0192139737991267,-0.023053501522401,40757892412.62,19.0,0.38,0.000402088248925,14665526.52,,0.5946323,0.99,2023-07-06,-0.0469589251208854,0,-0.01,0.787047936590175
50,XPEV,1,0,-0.008595988538682,-0.0225988700564971,12978530487.12,19.0,0.3015873015873015,0.0007110284174175,4890211.76,,0.5932493,0.99,2023-07-10,-0.0564893358696765,0,-0.01,0.8229754369378591
1085,MELI,1,0,-0.0310524244676664,-0.0396768993430517,55632029104.0,5.0,0.3125,0.0002006255392579,10305880.04,,0.6028943,0.99,2023-07-10,-0.0659244425109797,0,-0.01,0.8483111935556451
2074,MRO,1,0,-0.017265283589763,-0.0085034013605441,14402524533.76,2.0,0.125,9.007228804089268e-05,1288336.72,,0.52443165,1.0062178387650085,2023-07-10,-0.0601165113001775,1,-0.01,0.8336563485850439
654,MU,1,0,-0.0175518925518924,-0.012124002455494,70504458940.16,5.0,0.217391304347826,5.758182891949156e-05,4047521.23,,0.5679101,0.9955724716482832,2023-07-18,-0.0642778720937065,0,-0.01,0.8444254659609506
2310,ALGN,1,0,-0.0167346826983649,-0.0306728588400475,27469603000.0,2.0,0.4,6.625137740532838e-05,1711353.0,,0.63145655,0.99,2023-07-18,-0.0736350933727694,0,-0.01,0.8641951881642068
1323,ROKU,1,0,-0.0252263906856404,-0.0252263906856404,10608148770.45,14.0,0.4242424242424242,0.0004126233263017,3837500.15,,0.5624439,0.99,2023-07-20,-0.0828987424390417,0,-0.01,0.8793709083421458
58,XPEV,3,0,-0.0307947019867549,-0.0230307076101469,13724045786.055,20.0,0.3508771929824561,0.0004703417795936,3420667.82,,0.6108373,0.99,2023-07-20,-0.0920697550146513,0,-0.01,0.8913866991564311
265,NFLX,3,0,-0.0153968149078173,-0.06405075483155,198709823424.0,25.0,0.3968253968253968,0.0024537395577445,479539812.0,,0.66172516,0.99,2023-07-20,-0.1011490574645047,0,-0.01,0.9011360041243172
1119,DHR,5,0,-0.0428957528957529,-0.0391115590355842,183030077280.0,13.0,0.3421052631578947,0.0003149225483101,51071041.47,,0.6545127,1.02,2023-07-25,-0.0831720386137948,1,-0.01,0.8797672851757968
361,AMZN,1,0,-0.0057371895630304,-0.0202896306048167,1298043220193.28,29.0,0.4677419354838709,0.0001330414524725,151228788.9,,0.54443115,1.011935815350565,2023-07-26,-0.072228949358454,1,-0.01,0.8615513573321891
177,TXN,1,0,-0.0172777777777778,-0.0493873602751506,160554918890.24,11.0,0.44,9.105205084318716e-05,14598731.7,,0.70993227,0.99,2023-07-26,-0.0815066598648694,0,-0.01,0.8773106391971026
2386,EBAY,1,0,-0.0226346277622827,-0.0664959016393442,24359943670.56,17.0,0.53125,0.0002513796127879,6073028.16,,0.53698206,0.99,2023-07-27,-0.0906915932662207,0,-0.01,0.8897361967095948
1857,JD,6,0,-0.0171934260429835,-0.0066445182724253,60889853756.16,29.0,0.4677419354838709,0.0003202131945276,14750426.47,,0.5492094,0.99,2023-07-27,-0.0997846773335585,0,-0.01,0.8997842126945786
1788,AAL,1,0,-0.0189685832839359,-0.0125298329355609,10804882252.8,18.0,0.4186046511627907,0.0016722223571145,17853974.5,,0.5382763,0.99,2023-07-27,-0.1087868305602229,0,-0.01,0.9080771087042182
456,JNJ,7,0,-0.0189061054579094,-0.0274530032095368,440978490984.96,16.0,0.4102564102564102,9.549419044206306e-05,42056648.36,0.0362451608107652,0.6244165,0.99,2023-07-31,-0.1176989622546207,0,-0.01,0.9150374836919396
1147,PDD,7,0,-0.0095709942574035,-0.0207080828323313,116862772177.92,23.0,0.4423076923076923,0.000205231812626,12315631.44,0.0756412924877349,0.58622444,1.02,2023-08-01,-0.1000529414997131,1,-0.01,0.9000529134865197
1860,JD,2,0,-0.0124602980698753,-0.0215444202372307,63317928706.560005,24.0,0.4444444444444444,0.000161144072454,7719007.4,0.0470301374063973,0.57594097,1.00531914893617,2023-08-01,-0.0952659890608819,1,-0.01,0.8950307439351805
1584,FCX,2,0,-0.037037037037037,-0.0217245240761477,62606106501.12,9.0,0.375,0.0001063187626705,6605595.36,0.0445153516526655,0.6396542,1.004356684981685,2023-08-01,-0.0913243479830038,1,-0.01,0.8905001763400371
1332,ROKU,3,0,-0.0137809553414153,-0.023694737921838,13399915062.660002,19.0,0.3958333333333333,0.0011777455369471,13835935.88,0.1091104618630655,0.5714067,0.99,2023-08-02,-0.1004111045031738,0,-0.01,0.9004094213535523
1148,PDD,8,0,-0.01573564122738,-0.027972027972028,116344622096.63998,27.0,0.4285714285714285,0.000328264776648,19611301.5,0.0802921746015374,0.5329626,0.99,2023-08-02,-0.109406993458142,0,-0.01,0.9085981646701048
343,ADBE,3,0,-0.0178109633946457,-0.0178109633946457,245822056000.00003,4.0,0.2222222222222222,2.4884027733482168e-05,6098630.5600000005,0.0324960774147071,0.5622365,0.99,2023-08-02,-0.1183129235235607,0,-0.01,0.9154783796885164
